--------------------------------------------------------
--  File created - Wednesday-May-11-2016   
--------------------------------------------------------
--------------------------------------------------------
--  DDL for Table APPOINTMENT
--------------------------------------------------------

  CREATE TABLE "SWHYTE"."APPOINTMENT" 
   (	"APPOINTMENTID" NUMBER(*,0), 
	"APP_DATE" DATE, 
	"APP_TIME" VARCHAR2(20 BYTE), 
	"CUSTOMERID" NUMBER(*,0), 
	"SERVICEID" NUMBER(*,0), 
	"EMPLOYEEID" NUMBER(*,0), 
	"VIN" VARCHAR2(20 BYTE), 
	"SERIALNO" NUMBER(*,0), 
	"PROPERTYID" NUMBER(*,0)
   ) SEGMENT CREATION IMMEDIATE 
  PCTFREE 10 PCTUSED 40 INITRANS 1 MAXTRANS 255 
 NOCOMPRESS LOGGING
  STORAGE(INITIAL 65536 NEXT 1048576 MINEXTENTS 1 MAXEXTENTS 2147483645
  PCTINCREASE 0 FREELISTS 1 FREELIST GROUPS 1
  BUFFER_POOL DEFAULT FLASH_CACHE DEFAULT CELL_FLASH_CACHE DEFAULT)
  TABLESPACE "USERS" ;
--------------------------------------------------------
--  DDL for Table CUSTOMER
--------------------------------------------------------

  CREATE TABLE "SWHYTE"."CUSTOMER" 
   (	"CUSTNO" VARCHAR2(10 BYTE), 
	"CUSTFIRSTNAME" VARCHAR2(15 BYTE), 
	"CUSTLASTNAME" VARCHAR2(15 BYTE), 
	"CUSTCITY" VARCHAR2(10 BYTE), 
	"CUSTSTATE" VARCHAR2(2 BYTE), 
	"CUSTZIP" VARCHAR2(10 BYTE), 
	"CUSBAL" NUMBER(10,2)
   ) SEGMENT CREATION IMMEDIATE 
  PCTFREE 10 PCTUSED 40 INITRANS 1 MAXTRANS 255 
 NOCOMPRESS LOGGING
  STORAGE(INITIAL 65536 NEXT 1048576 MINEXTENTS 1 MAXEXTENTS 2147483645
  PCTINCREASE 0 FREELISTS 1 FREELIST GROUPS 1
  BUFFER_POOL DEFAULT FLASH_CACHE DEFAULT CELL_FLASH_CACHE DEFAULT)
  TABLESPACE "USERS" ;
--------------------------------------------------------
--  DDL for Table CUSTOMERS
--------------------------------------------------------

  CREATE TABLE "SWHYTE"."CUSTOMERS" 
   (	"CUSTOMERID" NUMBER(*,0), 
	"FNAME" VARCHAR2(20 BYTE), 
	"LNAME" VARCHAR2(20 BYTE), 
	"SPOUSEFNAME" VARCHAR2(20 BYTE), 
	"SPOUSELNAME" VARCHAR2(20 BYTE), 
	"STREET" VARCHAR2(20 BYTE), 
	"CITY" VARCHAR2(30 BYTE), 
	"STATE" VARCHAR2(30 BYTE), 
	"ZIP" VARCHAR2(20 BYTE), 
	"PHONE_HOME" VARCHAR2(20 BYTE), 
	"PHONE_WORK" VARCHAR2(20 BYTE)
   ) SEGMENT CREATION IMMEDIATE 
  PCTFREE 10 PCTUSED 40 INITRANS 1 MAXTRANS 255 
 NOCOMPRESS LOGGING
  STORAGE(INITIAL 65536 NEXT 1048576 MINEXTENTS 1 MAXEXTENTS 2147483645
  PCTINCREASE 0 FREELISTS 1 FREELIST GROUPS 1
  BUFFER_POOL DEFAULT FLASH_CACHE DEFAULT CELL_FLASH_CACHE DEFAULT)
  TABLESPACE "USERS" ;

   COMMENT ON COLUMN "SWHYTE"."CUSTOMERS"."SPOUSEFNAME" IS 'Optional';
   COMMENT ON COLUMN "SWHYTE"."CUSTOMERS"."SPOUSELNAME" IS 'Optional';
   COMMENT ON COLUMN "SWHYTE"."CUSTOMERS"."PHONE_WORK" IS 'Extention: optional';
--------------------------------------------------------
--  DDL for Table EMPLOYEE
--------------------------------------------------------

  CREATE TABLE "SWHYTE"."EMPLOYEE" 
   (	"EMPNO" VARCHAR2(20 BYTE), 
	"EMPFIRSTNAME" VARCHAR2(50 BYTE), 
	"EMPLASTNAME" VARCHAR2(50 BYTE), 
	"EMPPHONE" VARCHAR2(15 BYTE), 
	"EMPEMAIL" VARCHAR2(50 BYTE)
   ) SEGMENT CREATION IMMEDIATE 
  PCTFREE 10 PCTUSED 40 INITRANS 1 MAXTRANS 255 
 NOCOMPRESS LOGGING
  STORAGE(INITIAL 65536 NEXT 1048576 MINEXTENTS 1 MAXEXTENTS 2147483645
  PCTINCREASE 0 FREELISTS 1 FREELIST GROUPS 1
  BUFFER_POOL DEFAULT FLASH_CACHE DEFAULT CELL_FLASH_CACHE DEFAULT)
  TABLESPACE "USERS" ;
--------------------------------------------------------
--  DDL for Table EMPLOYEES
--------------------------------------------------------

  CREATE TABLE "SWHYTE"."EMPLOYEES" 
   (	"EMPLOYEEID" NUMBER(*,0), 
	"SSN" VARCHAR2(20 BYTE), 
	"FNAME" VARCHAR2(20 BYTE), 
	"LNAME" VARCHAR2(20 BYTE), 
	"STREET" VARCHAR2(20 BYTE), 
	"CITY" VARCHAR2(30 BYTE), 
	"STATE" VARCHAR2(30 BYTE), 
	"ZIP" VARCHAR2(20 BYTE), 
	"PHONE_HOME" VARCHAR2(20 BYTE), 
	"PHONE_WORK" VARCHAR2(20 BYTE)
   ) SEGMENT CREATION IMMEDIATE 
  PCTFREE 10 PCTUSED 40 INITRANS 1 MAXTRANS 255 
 NOCOMPRESS LOGGING
  STORAGE(INITIAL 65536 NEXT 1048576 MINEXTENTS 1 MAXEXTENTS 2147483645
  PCTINCREASE 0 FREELISTS 1 FREELIST GROUPS 1
  BUFFER_POOL DEFAULT FLASH_CACHE DEFAULT CELL_FLASH_CACHE DEFAULT)
  TABLESPACE "USERS" ;

   COMMENT ON COLUMN "SWHYTE"."EMPLOYEES"."PHONE_WORK" IS 'Extention: optional';
--------------------------------------------------------
--  DDL for Table EQUIPMENT
--------------------------------------------------------

  CREATE TABLE "SWHYTE"."EQUIPMENT" 
   (	"SERIALNO" NUMBER(*,0), 
	"NAME" VARCHAR2(20 BYTE), 
	"MAKE" VARCHAR2(30 BYTE), 
	"MODEL" VARCHAR2(30 BYTE), 
	"PURCHASEDATE" DATE, 
	"SERVICEDATE" DATE, 
	"USE" VARCHAR2(30 BYTE)
   ) SEGMENT CREATION IMMEDIATE 
  PCTFREE 10 PCTUSED 40 INITRANS 1 MAXTRANS 255 
 NOCOMPRESS LOGGING
  STORAGE(INITIAL 65536 NEXT 1048576 MINEXTENTS 1 MAXEXTENTS 2147483645
  PCTINCREASE 0 FREELISTS 1 FREELIST GROUPS 1
  BUFFER_POOL DEFAULT FLASH_CACHE DEFAULT CELL_FLASH_CACHE DEFAULT)
  TABLESPACE "USERS" ;
--------------------------------------------------------
--  DDL for Table ORDERTBL
--------------------------------------------------------

  CREATE TABLE "SWHYTE"."ORDERTBL" 
   (	"ORDNO" VARCHAR2(20 BYTE), 
	"ORDDATE" DATE, 
	"CUSTNO" VARCHAR2(20 BYTE), 
	"EMPNO" VARCHAR2(20 BYTE)
   ) SEGMENT CREATION IMMEDIATE 
  PCTFREE 10 PCTUSED 40 INITRANS 1 MAXTRANS 255 
 NOCOMPRESS LOGGING
  STORAGE(INITIAL 65536 NEXT 1048576 MINEXTENTS 1 MAXEXTENTS 2147483645
  PCTINCREASE 0 FREELISTS 1 FREELIST GROUPS 1
  BUFFER_POOL DEFAULT FLASH_CACHE DEFAULT CELL_FLASH_CACHE DEFAULT)
  TABLESPACE "USERS" ;
--------------------------------------------------------
--  DDL for Table PROPERTY
--------------------------------------------------------

  CREATE TABLE "SWHYTE"."PROPERTY" 
   (	"PROPERTYID" NUMBER(*,0), 
	"CUSTOMERID" NUMBER(*,0), 
	"STREET" VARCHAR2(30 BYTE), 
	"CITY" VARCHAR2(30 BYTE), 
	"STATE" VARCHAR2(30 BYTE), 
	"ZIP" VARCHAR2(20 BYTE), 
	"SQUAREFT" NUMBER
   ) SEGMENT CREATION IMMEDIATE 
  PCTFREE 10 PCTUSED 40 INITRANS 1 MAXTRANS 255 
 NOCOMPRESS LOGGING
  STORAGE(INITIAL 65536 NEXT 1048576 MINEXTENTS 1 MAXEXTENTS 2147483645
  PCTINCREASE 0 FREELISTS 1 FREELIST GROUPS 1
  BUFFER_POOL DEFAULT FLASH_CACHE DEFAULT CELL_FLASH_CACHE DEFAULT)
  TABLESPACE "USERS" ;

   COMMENT ON COLUMN "SWHYTE"."PROPERTY"."SQUAREFT" IS 'Size';
--------------------------------------------------------
--  DDL for Table SERVICE
--------------------------------------------------------

  CREATE TABLE "SWHYTE"."SERVICE" 
   (	"SERVICEID" NUMBER(*,0), 
	"SERVICETYPE" VARCHAR2(50 BYTE), 
	"PRICEPERSQFT" NUMBER
   ) SEGMENT CREATION IMMEDIATE 
  PCTFREE 10 PCTUSED 40 INITRANS 1 MAXTRANS 255 
 NOCOMPRESS LOGGING
  STORAGE(INITIAL 65536 NEXT 1048576 MINEXTENTS 1 MAXEXTENTS 2147483645
  PCTINCREASE 0 FREELISTS 1 FREELIST GROUPS 1
  BUFFER_POOL DEFAULT FLASH_CACHE DEFAULT CELL_FLASH_CACHE DEFAULT)
  TABLESPACE "USERS" ;
--------------------------------------------------------
--  DDL for Table VEHICLE
--------------------------------------------------------

  CREATE TABLE "SWHYTE"."VEHICLE" 
   (	"VIN" VARCHAR2(20 BYTE), 
	"MAKE" VARCHAR2(20 BYTE), 
	"MODEL" VARCHAR2(20 BYTE), 
	"COLOR" VARCHAR2(20 BYTE), 
	"YEAR" CHAR(4 BYTE), 
	"PLATE#" VARCHAR2(10 BYTE), 
	"PURCHASEDATE" DATE, 
	"LASTSERVICEDATE" DATE
   ) SEGMENT CREATION IMMEDIATE 
  PCTFREE 10 PCTUSED 40 INITRANS 1 MAXTRANS 255 
 NOCOMPRESS LOGGING
  STORAGE(INITIAL 65536 NEXT 1048576 MINEXTENTS 1 MAXEXTENTS 2147483645
  PCTINCREASE 0 FREELISTS 1 FREELIST GROUPS 1
  BUFFER_POOL DEFAULT FLASH_CACHE DEFAULT CELL_FLASH_CACHE DEFAULT)
  TABLESPACE "USERS" ;
--------------------------------------------------------
--  DDL for View CUSTOMERS_VIEW
--------------------------------------------------------

  CREATE OR REPLACE FORCE EDITIONABLE VIEW "SWHYTE"."CUSTOMERS_VIEW" ("CUSTOMERID", "FNAME", "LNAME", "SPOUSEFNAME", "SPOUSELNAME", "STREET", "CITY", "STATE", "ZIP", "PHONE_HOME", "PHONE_WORK") AS 
  SELECT "CUSTOMERID","FNAME","LNAME","SPOUSEFNAME","SPOUSELNAME","STREET","CITY","STATE","ZIP","PHONE_HOME","PHONE_WORK"
    
FROM customers;
--------------------------------------------------------
--  DDL for View EMPLOYEES_VIEW
--------------------------------------------------------

  CREATE OR REPLACE FORCE EDITIONABLE VIEW "SWHYTE"."EMPLOYEES_VIEW" ("EMPLOYEEID", "SSN", "FNAME", "LNAME", "STREET", "CITY", "STATE", "ZIP", "PHONE_HOME", "PHONE_WORK") AS 
  SELECT "EMPLOYEEID","SSN","FNAME","LNAME","STREET","CITY","STATE","ZIP","PHONE_HOME","PHONE_WORK"
    
FROM employees;
--------------------------------------------------------
--  DDL for View LARENA_VIEW
--------------------------------------------------------

  CREATE OR REPLACE FORCE EDITIONABLE VIEW "SWHYTE"."LARENA_VIEW" ("CUSTOMERID", "FNAME", "LNAME", "STREET", "CITY", "STATE", "ZIP", "PHONE_HOME") AS 
  SELECT CUSTOMERID,FNAME,LNAME,STREET,CITY,STATE,ZIP,PHONE_HOME 
    
FROM CUSTOMERS

WHERE CUSTOMERID = '1';
--------------------------------------------------------
--  DDL for View VIEW1
--------------------------------------------------------

  CREATE OR REPLACE FORCE EDITIONABLE VIEW "SWHYTE"."VIEW1" ("CUSTNO", "CUSTFIRSTNAME", "CUSTLASTNAME", "CUSTCITY", "CUSTSTATE", "CUSTZIP", "CUSBAL") AS 
  SELECT "CUSTNO","CUSTFIRSTNAME","CUSTLASTNAME","CUSTCITY","CUSTSTATE","CUSTZIP","CUSBAL"
    
FROM CUSTOMER;
REM INSERTING into SWHYTE.APPOINTMENT
SET DEFINE OFF;
Insert into SWHYTE.APPOINTMENT (APPOINTMENTID,APP_DATE,APP_TIME,CUSTOMERID,SERVICEID,EMPLOYEEID,VIN,SERIALNO,PROPERTYID) values (1,to_date('04-OCT-16','DD-MON-RR'),'13:00',3,10001,10001,'1FUYDSEB6YDF28168',11111,90003);
Insert into SWHYTE.APPOINTMENT (APPOINTMENTID,APP_DATE,APP_TIME,CUSTOMERID,SERVICEID,EMPLOYEEID,VIN,SERIALNO,PROPERTYID) values (2,to_date('05-JAN-16','DD-MON-RR'),'11:00',1,10002,10002,'1MXWZRY2CYF287798',11113,90001);
Insert into SWHYTE.APPOINTMENT (APPOINTMENTID,APP_DATE,APP_TIME,CUSTOMERID,SERVICEID,EMPLOYEEID,VIN,SERIALNO,PROPERTYID) values (3,to_date('05-NOV-16','DD-MON-RR'),'14:00',3,10003,10003,'1MXWZRY2CYF287798',11112,90003);
Insert into SWHYTE.APPOINTMENT (APPOINTMENTID,APP_DATE,APP_TIME,CUSTOMERID,SERVICEID,EMPLOYEEID,VIN,SERIALNO,PROPERTYID) values (4,to_date('06-JAN-16','DD-MON-RR'),'9:00',1,10004,10005,'1GWQDMSB5YDF28683',11111,90001);
Insert into SWHYTE.APPOINTMENT (APPOINTMENTID,APP_DATE,APP_TIME,CUSTOMERID,SERVICEID,EMPLOYEEID,VIN,SERIALNO,PROPERTYID) values (5,to_date('05-SEP-16','DD-MON-RR'),'8:00',5,10005,10004,'1GWQDMSB5YDF28683',11114,90005);
REM INSERTING into SWHYTE.CUSTOMER
SET DEFINE OFF;
Insert into SWHYTE.CUSTOMER (CUSTNO,CUSTFIRSTNAME,CUSTLASTNAME,CUSTCITY,CUSTSTATE,CUSTZIP,CUSBAL) values ('C1010398','Jim','Glussman','Denver','CO','80111-0033',200);
Insert into SWHYTE.CUSTOMER (CUSTNO,CUSTFIRSTNAME,CUSTLASTNAME,CUSTCITY,CUSTSTATE,CUSTZIP,CUSBAL) values ('C0954327','Shari','Gordon','Littleton','CO','80129-5543',230);
Insert into SWHYTE.CUSTOMER (CUSTNO,CUSTFIRSTNAME,CUSTLASTNAME,CUSTCITY,CUSTSTATE,CUSTZIP,CUSBAL) values ('C8543321','Ron','Thompson',null,'WA','98666-1289',85);
Insert into SWHYTE.CUSTOMER (CUSTNO,CUSTFIRSTNAME,CUSTLASTNAME,CUSTCITY,CUSTSTATE,CUSTZIP,CUSBAL) values ('C2388597','Beth','Taylor','Seattle','WA','98103-1121',500);
Insert into SWHYTE.CUSTOMER (CUSTNO,CUSTFIRSTNAME,CUSTLASTNAME,CUSTCITY,CUSTSTATE,CUSTZIP,CUSBAL) values ('C3340959','Betty','Wise','Seattle','WA','98178-3311',200);
Insert into SWHYTE.CUSTOMER (CUSTNO,CUSTFIRSTNAME,CUSTLASTNAME,CUSTCITY,CUSTSTATE,CUSTZIP,CUSBAL) values ('C3499503','Bob','Mann','Monroe','WA','98013-1095',0);
REM INSERTING into SWHYTE.CUSTOMERS
SET DEFINE OFF;
Insert into SWHYTE.CUSTOMERS (CUSTOMERID,FNAME,LNAME,SPOUSEFNAME,SPOUSELNAME,STREET,CITY,STATE,ZIP,PHONE_HOME,PHONE_WORK) values (1,'Lorena','Heras','Gus','Heras','74 Railroad Avenue','Orlando','FL','32806','857-236-3318','900-829-3767');
Insert into SWHYTE.CUSTOMERS (CUSTOMERID,FNAME,LNAME,SPOUSEFNAME,SPOUSELNAME,STREET,CITY,STATE,ZIP,PHONE_HOME,PHONE_WORK) values (2,'Vaugn','Laracuente','Lara','Laracuente','40 12th Street East','Macomb','MI','48042','891-980-6448','992-802-6491');
Insert into SWHYTE.CUSTOMERS (CUSTOMERID,FNAME,LNAME,SPOUSEFNAME,SPOUSELNAME,STREET,CITY,STATE,ZIP,PHONE_HOME,PHONE_WORK) values (3,'Alecia','Bergstrom','Malcom','Bergstrom','689 5th Street South','Voorhees','NJ','08043','626-258-1725','548-976-8834');
Insert into SWHYTE.CUSTOMERS (CUSTOMERID,FNAME,LNAME,SPOUSEFNAME,SPOUSELNAME,STREET,CITY,STATE,ZIP,PHONE_HOME,PHONE_WORK) values (4,'Edward','Daughtry','Ramona','Daughtry','426 Chestnut Street','Blackwood','NJ','08012','653-319-4335','21-103-2858');
Insert into SWHYTE.CUSTOMERS (CUSTOMERID,FNAME,LNAME,SPOUSEFNAME,SPOUSELNAME,STREET,CITY,STATE,ZIP,PHONE_HOME,PHONE_WORK) values (5,'Theo','Kneeland','Jeanna','Thompson','804 Ridge Road','New Haven','CT','06511','313-758-7442','813-363-2758');
REM INSERTING into SWHYTE.EMPLOYEE
SET DEFINE OFF;
Insert into SWHYTE.EMPLOYEE (EMPNO,EMPFIRSTNAME,EMPLASTNAME,EMPPHONE,EMPEMAIL) values ('E1329594','Landi','Santos','(303)789-1234','LSantos@bigco.com');
Insert into SWHYTE.EMPLOYEE (EMPNO,EMPFIRSTNAME,EMPLASTNAME,EMPPHONE,EMPEMAIL) values ('E8544399','Joe','Jenkins','(303)221-9875','JJenkins@bigco.com');
Insert into SWHYTE.EMPLOYEE (EMPNO,EMPFIRSTNAME,EMPLASTNAME,EMPPHONE,EMPEMAIL) values ('E8843211','Amy','Tang','(303)556-4321','ATang@bigco.com');
Insert into SWHYTE.EMPLOYEE (EMPNO,EMPFIRSTNAME,EMPLASTNAME,EMPPHONE,EMPEMAIL) values ('E9345771','Colin','White','(303)221-4453','CWhite@bigco.com');
Insert into SWHYTE.EMPLOYEE (EMPNO,EMPFIRSTNAME,EMPLASTNAME,EMPPHONE,EMPEMAIL) values ('E9884325','Thomas','Johnson','(303)556-9987','TJohnson@bigco.com');
Insert into SWHYTE.EMPLOYEE (EMPNO,EMPFIRSTNAME,EMPLASTNAME,EMPPHONE,EMPEMAIL) values ('E9954302','Mary','Hill','(303)556-9871','MHill@bigco.com');
REM INSERTING into SWHYTE.EMPLOYEES
SET DEFINE OFF;
Insert into SWHYTE.EMPLOYEES (EMPLOYEEID,SSN,FNAME,LNAME,STREET,CITY,STATE,ZIP,PHONE_HOME,PHONE_WORK) values (10001,'001-01-1001','Reginald','Fritsch','843 Laurel Lane','Crystal Lake','IL','60014','237-799-7936','791-506-4531');
Insert into SWHYTE.EMPLOYEES (EMPLOYEEID,SSN,FNAME,LNAME,STREET,CITY,STATE,ZIP,PHONE_HOME,PHONE_WORK) values (10002,'002-02-2002','Wilson','Lalor','11 Highland Avenue','Champlin','MN','53316','570-953-5141','904-859-2248');
Insert into SWHYTE.EMPLOYEES (EMPLOYEEID,SSN,FNAME,LNAME,STREET,CITY,STATE,ZIP,PHONE_HOME,PHONE_WORK) values (10003,'003-03-3003','Ruben','Dodd','276 Route 30','Shelbyville','TN','37160','822-912-2593','449-510-2211');
Insert into SWHYTE.EMPLOYEES (EMPLOYEEID,SSN,FNAME,LNAME,STREET,CITY,STATE,ZIP,PHONE_HOME,PHONE_WORK) values (10004,'004-04-4004','Steve','Roseboro','450 Linden Avenue ','West New York','NJ','07093','650-811-1321','570-715-1634');
Insert into SWHYTE.EMPLOYEES (EMPLOYEEID,SSN,FNAME,LNAME,STREET,CITY,STATE,ZIP,PHONE_HOME,PHONE_WORK) values (10005,'005-05-5005','Berry','Withers','564 Pin Oak Drive','Torrance','CA','90505','341-866-9095','476-721-4056');
REM INSERTING into SWHYTE.EQUIPMENT
SET DEFINE OFF;
Insert into SWHYTE.EQUIPMENT (SERIALNO,NAME,MAKE,MODEL,PURCHASEDATE,SERVICEDATE,USE) values (11111,'Weedwhacker','Deere','A101',to_date('01-JAN-14','DD-MON-RR'),to_date('12-DEC-15','DD-MON-RR'),'Trimming');
Insert into SWHYTE.EQUIPMENT (SERIALNO,NAME,MAKE,MODEL,PURCHASEDATE,SERVICEDATE,USE) values (11112,'Edger','Deere','B202',to_date('02-FEB-14','DD-MON-RR'),to_date('12-DEC-15','DD-MON-RR'),'Edging');
Insert into SWHYTE.EQUIPMENT (SERIALNO,NAME,MAKE,MODEL,PURCHASEDATE,SERVICEDATE,USE) values (11113,'HedgeTrimmer','RazorBack','C303',to_date('03-MAR-15','DD-MON-RR'),to_date('01-JAN-16','DD-MON-RR'),'Trimming');
Insert into SWHYTE.EQUIPMENT (SERIALNO,NAME,MAKE,MODEL,PURCHASEDATE,SERVICEDATE,USE) values (11114,'Pruner','Ames','D404',to_date('04-APR-15','DD-MON-RR'),to_date('04-APR-16','DD-MON-RR'),'Pruning');
Insert into SWHYTE.EQUIPMENT (SERIALNO,NAME,MAKE,MODEL,PURCHASEDATE,SERVICEDATE,USE) values (11115,'Rake','Ames','E505',to_date('05-MAY-15','DD-MON-RR'),to_date('12-DEC-15','DD-MON-RR'),'Raking');
REM INSERTING into SWHYTE.ORDERTBL
SET DEFINE OFF;
Insert into SWHYTE.ORDERTBL (ORDNO,ORDDATE,CUSTNO,EMPNO) values ('O1656777',to_date('11-FEB-13','DD-MON-RR'),'C8543321',null);
Insert into SWHYTE.ORDERTBL (ORDNO,ORDDATE,CUSTNO,EMPNO) values ('O7959898',to_date('19-FEB-13','DD-MON-RR'),'C8543321','E8544399');
Insert into SWHYTE.ORDERTBL (ORDNO,ORDDATE,CUSTNO,EMPNO) values ('O1116324',to_date('23-JAN-13','DD-MON-RR'),'C0954327','E8544399');
Insert into SWHYTE.ORDERTBL (ORDNO,ORDDATE,CUSTNO,EMPNO) values ('O2334661',to_date('14-JAN-13','DD-MON-RR'),'C0954327','E1329594');
Insert into SWHYTE.ORDERTBL (ORDNO,ORDDATE,CUSTNO,EMPNO) values ('O3331222',to_date('13-JAN-13','DD-MON-RR'),'C1010398',null);
Insert into SWHYTE.ORDERTBL (ORDNO,ORDDATE,CUSTNO,EMPNO) values ('O4714645',to_date('11-JAN-13','DD-MON-RR'),'C2388597','E1329594');
Insert into SWHYTE.ORDERTBL (ORDNO,ORDDATE,CUSTNO,EMPNO) values ('O5511365',to_date('22-JAN-13','DD-MON-RR'),'C3340959','E9884325');
Insert into SWHYTE.ORDERTBL (ORDNO,ORDDATE,CUSTNO,EMPNO) values ('O7989497',to_date('16-JAN-13','DD-MON-RR'),'C3499503','E9345771');
Insert into SWHYTE.ORDERTBL (ORDNO,ORDDATE,CUSTNO,EMPNO) values ('O2233457',to_date('12-JAN-13','DD-MON-RR'),'C2388597','E9884325');
REM INSERTING into SWHYTE.PROPERTY
SET DEFINE OFF;
Insert into SWHYTE.PROPERTY (PROPERTYID,CUSTOMERID,STREET,CITY,STATE,ZIP,SQUAREFT) values (90001,1,'74 Railroad Avenue','Orlando','FL','32806',43560);
Insert into SWHYTE.PROPERTY (PROPERTYID,CUSTOMERID,STREET,CITY,STATE,ZIP,SQUAREFT) values (90002,2,'100 E90th Street','Macomb','MI','48042',87120);
Insert into SWHYTE.PROPERTY (PROPERTYID,CUSTOMERID,STREET,CITY,STATE,ZIP,SQUAREFT) values (90003,3,'689 5th Street South','Voorhees','NJ','08043',96658);
Insert into SWHYTE.PROPERTY (PROPERTYID,CUSTOMERID,STREET,CITY,STATE,ZIP,SQUAREFT) values (90004,4,'426 Chestnut Street','Blackwood','NJ','08012',29746);
Insert into SWHYTE.PROPERTY (PROPERTYID,CUSTOMERID,STREET,CITY,STATE,ZIP,SQUAREFT) values (90005,5,'804 Ridge Road','New Haven','CT','06511',54682);
REM INSERTING into SWHYTE.SERVICE
SET DEFINE OFF;
Insert into SWHYTE.SERVICE (SERVICEID,SERVICETYPE,PRICEPERSQFT) values (10001,'Weed Removal',100);
Insert into SWHYTE.SERVICE (SERVICEID,SERVICETYPE,PRICEPERSQFT) values (10002,'Hedge Trimming',200);
Insert into SWHYTE.SERVICE (SERVICEID,SERVICETYPE,PRICEPERSQFT) values (10003,'Edging',50);
Insert into SWHYTE.SERVICE (SERVICEID,SERVICETYPE,PRICEPERSQFT) values (10004,'Weed Removal',100);
Insert into SWHYTE.SERVICE (SERVICEID,SERVICETYPE,PRICEPERSQFT) values (10005,'Pruning',150);
REM INSERTING into SWHYTE.VEHICLE
SET DEFINE OFF;
Insert into SWHYTE.VEHICLE (VIN,MAKE,MODEL,COLOR,YEAR,PLATE#,PURCHASEDATE,LASTSERVICEDATE) values ('1FUYDSEB6YDF28168','Ford','F150','Black','2010','EMC2075',to_date('01-FEB-14','DD-MON-RR'),to_date('03-OCT-16','DD-MON-RR'));
Insert into SWHYTE.VEHICLE (VIN,MAKE,MODEL,COLOR,YEAR,PLATE#,PURCHASEDATE,LASTSERVICEDATE) values ('1FZYDBEB3YDF28769','Ford','F150','Red','2010','ERM9662',to_date('01-FEB-14','DD-MON-RR'),to_date('04-SEP-16','DD-MON-RR'));
Insert into SWHYTE.VEHICLE (VIN,MAKE,MODEL,COLOR,YEAR,PLATE#,PURCHASEDATE,LASTSERVICEDATE) values ('1GWQDMSB5YDF28683','Dodge','Ram','Silver','2005','ELB8572',to_date('01-FEB-15','DD-MON-RR'),to_date('05-AUG-16','DD-MON-RR'));
Insert into SWHYTE.VEHICLE (VIN,MAKE,MODEL,COLOR,YEAR,PLATE#,PURCHASEDATE,LASTSERVICEDATE) values ('1MXWZRY2CYF287798','Dodge','Ram','Black','2005','EMT7935',to_date('01-FEB-15','DD-MON-RR'),to_date('06-JUL-16','DD-MON-RR'));
Insert into SWHYTE.VEHICLE (VIN,MAKE,MODEL,COLOR,YEAR,PLATE#,PURCHASEDATE,LASTSERVICEDATE) values ('1FUYDSEB6YDF22764','Toyota','Camry','White','2015','FVY7154',to_date('02-JAN-16','DD-MON-RR'),to_date('07-JUN-16','DD-MON-RR'));
REM INSERTING into SWHYTE.CUSTOMERS_VIEW
SET DEFINE OFF;
Insert into SWHYTE.CUSTOMERS_VIEW (CUSTOMERID,FNAME,LNAME,SPOUSEFNAME,SPOUSELNAME,STREET,CITY,STATE,ZIP,PHONE_HOME,PHONE_WORK) values (1,'Lorena','Heras','Gus','Heras','74 Railroad Avenue','Orlando','FL','32806','857-236-3318','900-829-3767');
Insert into SWHYTE.CUSTOMERS_VIEW (CUSTOMERID,FNAME,LNAME,SPOUSEFNAME,SPOUSELNAME,STREET,CITY,STATE,ZIP,PHONE_HOME,PHONE_WORK) values (2,'Vaugn','Laracuente','Lara','Laracuente','40 12th Street East','Macomb','MI','48042','891-980-6448','992-802-6491');
Insert into SWHYTE.CUSTOMERS_VIEW (CUSTOMERID,FNAME,LNAME,SPOUSEFNAME,SPOUSELNAME,STREET,CITY,STATE,ZIP,PHONE_HOME,PHONE_WORK) values (3,'Alecia','Bergstrom','Malcom','Bergstrom','689 5th Street South','Voorhees','NJ','08043','626-258-1725','548-976-8834');
Insert into SWHYTE.CUSTOMERS_VIEW (CUSTOMERID,FNAME,LNAME,SPOUSEFNAME,SPOUSELNAME,STREET,CITY,STATE,ZIP,PHONE_HOME,PHONE_WORK) values (4,'Edward','Daughtry','Ramona','Daughtry','426 Chestnut Street','Blackwood','NJ','08012','653-319-4335','21-103-2858');
Insert into SWHYTE.CUSTOMERS_VIEW (CUSTOMERID,FNAME,LNAME,SPOUSEFNAME,SPOUSELNAME,STREET,CITY,STATE,ZIP,PHONE_HOME,PHONE_WORK) values (5,'Theo','Kneeland','Jeanna','Thompson','804 Ridge Road','New Haven','CT','06511','313-758-7442','813-363-2758');
REM INSERTING into SWHYTE.EMPLOYEES_VIEW
SET DEFINE OFF;
Insert into SWHYTE.EMPLOYEES_VIEW (EMPLOYEEID,SSN,FNAME,LNAME,STREET,CITY,STATE,ZIP,PHONE_HOME,PHONE_WORK) values (10001,'001-01-1001','Reginald','Fritsch','843 Laurel Lane','Crystal Lake','IL','60014','237-799-7936','791-506-4531');
Insert into SWHYTE.EMPLOYEES_VIEW (EMPLOYEEID,SSN,FNAME,LNAME,STREET,CITY,STATE,ZIP,PHONE_HOME,PHONE_WORK) values (10002,'002-02-2002','Wilson','Lalor','11 Highland Avenue','Champlin','MN','53316','570-953-5141','904-859-2248');
Insert into SWHYTE.EMPLOYEES_VIEW (EMPLOYEEID,SSN,FNAME,LNAME,STREET,CITY,STATE,ZIP,PHONE_HOME,PHONE_WORK) values (10003,'003-03-3003','Ruben','Dodd','276 Route 30','Shelbyville','TN','37160','822-912-2593','449-510-2211');
Insert into SWHYTE.EMPLOYEES_VIEW (EMPLOYEEID,SSN,FNAME,LNAME,STREET,CITY,STATE,ZIP,PHONE_HOME,PHONE_WORK) values (10004,'004-04-4004','Steve','Roseboro','450 Linden Avenue ','West New York','NJ','07093','650-811-1321','570-715-1634');
Insert into SWHYTE.EMPLOYEES_VIEW (EMPLOYEEID,SSN,FNAME,LNAME,STREET,CITY,STATE,ZIP,PHONE_HOME,PHONE_WORK) values (10005,'005-05-5005','Berry','Withers','564 Pin Oak Drive','Torrance','CA','90505','341-866-9095','476-721-4056');
REM INSERTING into SWHYTE.LARENA_VIEW
SET DEFINE OFF;
Insert into SWHYTE.LARENA_VIEW (CUSTOMERID,FNAME,LNAME,STREET,CITY,STATE,ZIP,PHONE_HOME) values (1,'Lorena','Heras','74 Railroad Avenue','Orlando','FL','32806','857-236-3318');
REM INSERTING into SWHYTE.VIEW1
SET DEFINE OFF;
Insert into SWHYTE.VIEW1 (CUSTNO,CUSTFIRSTNAME,CUSTLASTNAME,CUSTCITY,CUSTSTATE,CUSTZIP,CUSBAL) values ('C1010398','Jim','Glussman','Denver','CO','80111-0033',200);
Insert into SWHYTE.VIEW1 (CUSTNO,CUSTFIRSTNAME,CUSTLASTNAME,CUSTCITY,CUSTSTATE,CUSTZIP,CUSBAL) values ('C0954327','Shari','Gordon','Littleton','CO','80129-5543',230);
Insert into SWHYTE.VIEW1 (CUSTNO,CUSTFIRSTNAME,CUSTLASTNAME,CUSTCITY,CUSTSTATE,CUSTZIP,CUSBAL) values ('C8543321','Ron','Thompson',null,'WA','98666-1289',85);
Insert into SWHYTE.VIEW1 (CUSTNO,CUSTFIRSTNAME,CUSTLASTNAME,CUSTCITY,CUSTSTATE,CUSTZIP,CUSBAL) values ('C2388597','Beth','Taylor','Seattle','WA','98103-1121',500);
Insert into SWHYTE.VIEW1 (CUSTNO,CUSTFIRSTNAME,CUSTLASTNAME,CUSTCITY,CUSTSTATE,CUSTZIP,CUSBAL) values ('C3340959','Betty','Wise','Seattle','WA','98178-3311',200);
Insert into SWHYTE.VIEW1 (CUSTNO,CUSTFIRSTNAME,CUSTLASTNAME,CUSTCITY,CUSTSTATE,CUSTZIP,CUSBAL) values ('C3499503','Bob','Mann','Monroe','WA','98013-1095',0);
--------------------------------------------------------
--  DDL for Index APPOINTMENT_PK
--------------------------------------------------------

  CREATE UNIQUE INDEX "SWHYTE"."APPOINTMENT_PK" ON "SWHYTE"."APPOINTMENT" ("APPOINTMENTID") 
  PCTFREE 10 INITRANS 2 MAXTRANS 255 COMPUTE STATISTICS 
  STORAGE(INITIAL 65536 NEXT 1048576 MINEXTENTS 1 MAXEXTENTS 2147483645
  PCTINCREASE 0 FREELISTS 1 FREELIST GROUPS 1
  BUFFER_POOL DEFAULT FLASH_CACHE DEFAULT CELL_FLASH_CACHE DEFAULT)
  TABLESPACE "USERS" ;
--------------------------------------------------------
--  DDL for Index CUSTOMERS_PK
--------------------------------------------------------

  CREATE UNIQUE INDEX "SWHYTE"."CUSTOMERS_PK" ON "SWHYTE"."CUSTOMER" ("CUSTNO") 
  PCTFREE 10 INITRANS 2 MAXTRANS 255 COMPUTE STATISTICS 
  STORAGE(INITIAL 65536 NEXT 1048576 MINEXTENTS 1 MAXEXTENTS 2147483645
  PCTINCREASE 0 FREELISTS 1 FREELIST GROUPS 1
  BUFFER_POOL DEFAULT FLASH_CACHE DEFAULT CELL_FLASH_CACHE DEFAULT)
  TABLESPACE "USERS" ;
--------------------------------------------------------
--  DDL for Index EMPLOYEES_PK
--------------------------------------------------------

  CREATE UNIQUE INDEX "SWHYTE"."EMPLOYEES_PK" ON "SWHYTE"."EMPLOYEES" ("EMPLOYEEID") 
  PCTFREE 10 INITRANS 2 MAXTRANS 255 COMPUTE STATISTICS 
  STORAGE(INITIAL 65536 NEXT 1048576 MINEXTENTS 1 MAXEXTENTS 2147483645
  PCTINCREASE 0 FREELISTS 1 FREELIST GROUPS 1
  BUFFER_POOL DEFAULT FLASH_CACHE DEFAULT CELL_FLASH_CACHE DEFAULT)
  TABLESPACE "USERS" ;
--------------------------------------------------------
--  DDL for Index EMPLOYEE_PK
--------------------------------------------------------

  CREATE UNIQUE INDEX "SWHYTE"."EMPLOYEE_PK" ON "SWHYTE"."EMPLOYEE" ("EMPNO") 
  PCTFREE 10 INITRANS 2 MAXTRANS 255 COMPUTE STATISTICS 
  STORAGE(INITIAL 65536 NEXT 1048576 MINEXTENTS 1 MAXEXTENTS 2147483645
  PCTINCREASE 0 FREELISTS 1 FREELIST GROUPS 1
  BUFFER_POOL DEFAULT FLASH_CACHE DEFAULT CELL_FLASH_CACHE DEFAULT)
  TABLESPACE "USERS" ;
--------------------------------------------------------
--  DDL for Index EQUIPMENT_PK
--------------------------------------------------------

  CREATE UNIQUE INDEX "SWHYTE"."EQUIPMENT_PK" ON "SWHYTE"."EQUIPMENT" ("SERIALNO") 
  PCTFREE 10 INITRANS 2 MAXTRANS 255 COMPUTE STATISTICS 
  STORAGE(INITIAL 65536 NEXT 1048576 MINEXTENTS 1 MAXEXTENTS 2147483645
  PCTINCREASE 0 FREELISTS 1 FREELIST GROUPS 1
  BUFFER_POOL DEFAULT FLASH_CACHE DEFAULT CELL_FLASH_CACHE DEFAULT)
  TABLESPACE "USERS" ;
--------------------------------------------------------
--  DDL for Index ORDERTBL_PK
--------------------------------------------------------

  CREATE UNIQUE INDEX "SWHYTE"."ORDERTBL_PK" ON "SWHYTE"."ORDERTBL" ("ORDNO") 
  PCTFREE 10 INITRANS 2 MAXTRANS 255 COMPUTE STATISTICS 
  STORAGE(INITIAL 65536 NEXT 1048576 MINEXTENTS 1 MAXEXTENTS 2147483645
  PCTINCREASE 0 FREELISTS 1 FREELIST GROUPS 1
  BUFFER_POOL DEFAULT FLASH_CACHE DEFAULT CELL_FLASH_CACHE DEFAULT)
  TABLESPACE "USERS" ;
--------------------------------------------------------
--  DDL for Index PROPERTY_PK
--------------------------------------------------------

  CREATE UNIQUE INDEX "SWHYTE"."PROPERTY_PK" ON "SWHYTE"."PROPERTY" ("PROPERTYID", "CUSTOMERID") 
  PCTFREE 10 INITRANS 2 MAXTRANS 255 COMPUTE STATISTICS 
  STORAGE(INITIAL 65536 NEXT 1048576 MINEXTENTS 1 MAXEXTENTS 2147483645
  PCTINCREASE 0 FREELISTS 1 FREELIST GROUPS 1
  BUFFER_POOL DEFAULT FLASH_CACHE DEFAULT CELL_FLASH_CACHE DEFAULT)
  TABLESPACE "USERS" ;
--------------------------------------------------------
--  DDL for Index SERVICE_PK
--------------------------------------------------------

  CREATE UNIQUE INDEX "SWHYTE"."SERVICE_PK" ON "SWHYTE"."SERVICE" ("SERVICEID") 
  PCTFREE 10 INITRANS 2 MAXTRANS 255 COMPUTE STATISTICS 
  STORAGE(INITIAL 65536 NEXT 1048576 MINEXTENTS 1 MAXEXTENTS 2147483645
  PCTINCREASE 0 FREELISTS 1 FREELIST GROUPS 1
  BUFFER_POOL DEFAULT FLASH_CACHE DEFAULT CELL_FLASH_CACHE DEFAULT)
  TABLESPACE "USERS" ;
--------------------------------------------------------
--  DDL for Index VEHICLE_PK
--------------------------------------------------------

  CREATE UNIQUE INDEX "SWHYTE"."VEHICLE_PK" ON "SWHYTE"."VEHICLE" ("VIN") 
  PCTFREE 10 INITRANS 2 MAXTRANS 255 COMPUTE STATISTICS 
  STORAGE(INITIAL 65536 NEXT 1048576 MINEXTENTS 1 MAXEXTENTS 2147483645
  PCTINCREASE 0 FREELISTS 1 FREELIST GROUPS 1
  BUFFER_POOL DEFAULT FLASH_CACHE DEFAULT CELL_FLASH_CACHE DEFAULT)
  TABLESPACE "USERS" ;
--------------------------------------------------------
--  Constraints for Table APPOINTMENT
--------------------------------------------------------

  ALTER TABLE "SWHYTE"."APPOINTMENT" ADD CONSTRAINT "APPOINTMENT_PK" PRIMARY KEY ("APPOINTMENTID")
  USING INDEX PCTFREE 10 INITRANS 2 MAXTRANS 255 COMPUTE STATISTICS 
  STORAGE(INITIAL 65536 NEXT 1048576 MINEXTENTS 1 MAXEXTENTS 2147483645
  PCTINCREASE 0 FREELISTS 1 FREELIST GROUPS 1
  BUFFER_POOL DEFAULT FLASH_CACHE DEFAULT CELL_FLASH_CACHE DEFAULT)
  TABLESPACE "USERS"  ENABLE;
  ALTER TABLE "SWHYTE"."APPOINTMENT" MODIFY ("PROPERTYID" NOT NULL ENABLE);
  ALTER TABLE "SWHYTE"."APPOINTMENT" MODIFY ("SERIALNO" NOT NULL ENABLE);
  ALTER TABLE "SWHYTE"."APPOINTMENT" MODIFY ("VIN" NOT NULL ENABLE);
  ALTER TABLE "SWHYTE"."APPOINTMENT" MODIFY ("EMPLOYEEID" NOT NULL ENABLE);
  ALTER TABLE "SWHYTE"."APPOINTMENT" MODIFY ("SERVICEID" NOT NULL ENABLE);
  ALTER TABLE "SWHYTE"."APPOINTMENT" MODIFY ("CUSTOMERID" NOT NULL ENABLE);
  ALTER TABLE "SWHYTE"."APPOINTMENT" MODIFY ("APPOINTMENTID" NOT NULL ENABLE);
--------------------------------------------------------
--  Constraints for Table CUSTOMER
--------------------------------------------------------

  ALTER TABLE "SWHYTE"."CUSTOMER" ADD CONSTRAINT "CUSTOMER_PK" PRIMARY KEY ("CUSTNO")
  USING INDEX (CREATE UNIQUE INDEX "SWHYTE"."CUSTOMERS_PK" ON "SWHYTE"."CUSTOMER" ("CUSTNO") 
  PCTFREE 10 INITRANS 2 MAXTRANS 255 COMPUTE STATISTICS 
  STORAGE(INITIAL 65536 NEXT 1048576 MINEXTENTS 1 MAXEXTENTS 2147483645
  PCTINCREASE 0 FREELISTS 1 FREELIST GROUPS 1
  BUFFER_POOL DEFAULT FLASH_CACHE DEFAULT CELL_FLASH_CACHE DEFAULT)
  TABLESPACE "USERS" )  ENABLE;
  ALTER TABLE "SWHYTE"."CUSTOMER" MODIFY ("CUSTLASTNAME" NOT NULL ENABLE);
  ALTER TABLE "SWHYTE"."CUSTOMER" MODIFY ("CUSTFIRSTNAME" NOT NULL ENABLE);
  ALTER TABLE "SWHYTE"."CUSTOMER" MODIFY ("CUSTNO" NOT NULL ENABLE);
--------------------------------------------------------
--  Constraints for Table CUSTOMERS
--------------------------------------------------------

  ALTER TABLE "SWHYTE"."CUSTOMERS" MODIFY ("ZIP" NOT NULL ENABLE);
  ALTER TABLE "SWHYTE"."CUSTOMERS" MODIFY ("STATE" NOT NULL ENABLE);
  ALTER TABLE "SWHYTE"."CUSTOMERS" MODIFY ("CITY" NOT NULL ENABLE);
  ALTER TABLE "SWHYTE"."CUSTOMERS" MODIFY ("STREET" NOT NULL ENABLE);
  ALTER TABLE "SWHYTE"."CUSTOMERS" MODIFY ("LNAME" NOT NULL ENABLE);
  ALTER TABLE "SWHYTE"."CUSTOMERS" MODIFY ("FNAME" NOT NULL ENABLE);
  ALTER TABLE "SWHYTE"."CUSTOMERS" MODIFY ("CUSTOMERID" NOT NULL ENABLE);
--------------------------------------------------------
--  Constraints for Table EMPLOYEE
--------------------------------------------------------

  ALTER TABLE "SWHYTE"."EMPLOYEE" ADD CONSTRAINT "EMPLOYEE_PK" PRIMARY KEY ("EMPNO")
  USING INDEX PCTFREE 10 INITRANS 2 MAXTRANS 255 COMPUTE STATISTICS 
  STORAGE(INITIAL 65536 NEXT 1048576 MINEXTENTS 1 MAXEXTENTS 2147483645
  PCTINCREASE 0 FREELISTS 1 FREELIST GROUPS 1
  BUFFER_POOL DEFAULT FLASH_CACHE DEFAULT CELL_FLASH_CACHE DEFAULT)
  TABLESPACE "USERS"  ENABLE;
  ALTER TABLE "SWHYTE"."EMPLOYEE" MODIFY ("EMPLASTNAME" NOT NULL ENABLE);
  ALTER TABLE "SWHYTE"."EMPLOYEE" MODIFY ("EMPFIRSTNAME" NOT NULL ENABLE);
  ALTER TABLE "SWHYTE"."EMPLOYEE" MODIFY ("EMPNO" NOT NULL ENABLE);
  ALTER TABLE "SWHYTE"."EMPLOYEE" MODIFY ("EMPEMAIL" NOT NULL ENABLE);
--------------------------------------------------------
--  Constraints for Table EMPLOYEES
--------------------------------------------------------

  ALTER TABLE "SWHYTE"."EMPLOYEES" ADD CONSTRAINT "EMPLOYEES_PK" PRIMARY KEY ("EMPLOYEEID")
  USING INDEX PCTFREE 10 INITRANS 2 MAXTRANS 255 COMPUTE STATISTICS 
  STORAGE(INITIAL 65536 NEXT 1048576 MINEXTENTS 1 MAXEXTENTS 2147483645
  PCTINCREASE 0 FREELISTS 1 FREELIST GROUPS 1
  BUFFER_POOL DEFAULT FLASH_CACHE DEFAULT CELL_FLASH_CACHE DEFAULT)
  TABLESPACE "USERS"  ENABLE;
  ALTER TABLE "SWHYTE"."EMPLOYEES" MODIFY ("ZIP" NOT NULL ENABLE);
  ALTER TABLE "SWHYTE"."EMPLOYEES" MODIFY ("STATE" NOT NULL ENABLE);
  ALTER TABLE "SWHYTE"."EMPLOYEES" MODIFY ("CITY" NOT NULL ENABLE);
  ALTER TABLE "SWHYTE"."EMPLOYEES" MODIFY ("STREET" NOT NULL ENABLE);
  ALTER TABLE "SWHYTE"."EMPLOYEES" MODIFY ("LNAME" NOT NULL ENABLE);
  ALTER TABLE "SWHYTE"."EMPLOYEES" MODIFY ("FNAME" NOT NULL ENABLE);
  ALTER TABLE "SWHYTE"."EMPLOYEES" MODIFY ("EMPLOYEEID" NOT NULL ENABLE);
--------------------------------------------------------
--  Constraints for Table EQUIPMENT
--------------------------------------------------------

  ALTER TABLE "SWHYTE"."EQUIPMENT" ADD CONSTRAINT "EQUIPMENT_PK" PRIMARY KEY ("SERIALNO")
  USING INDEX PCTFREE 10 INITRANS 2 MAXTRANS 255 COMPUTE STATISTICS 
  STORAGE(INITIAL 65536 NEXT 1048576 MINEXTENTS 1 MAXEXTENTS 2147483645
  PCTINCREASE 0 FREELISTS 1 FREELIST GROUPS 1
  BUFFER_POOL DEFAULT FLASH_CACHE DEFAULT CELL_FLASH_CACHE DEFAULT)
  TABLESPACE "USERS"  ENABLE;
  ALTER TABLE "SWHYTE"."EQUIPMENT" MODIFY ("SERIALNO" NOT NULL ENABLE);
--------------------------------------------------------
--  Constraints for Table ORDERTBL
--------------------------------------------------------

  ALTER TABLE "SWHYTE"."ORDERTBL" ADD CONSTRAINT "ORDERTBL_PK" PRIMARY KEY ("ORDNO")
  USING INDEX PCTFREE 10 INITRANS 2 MAXTRANS 255 COMPUTE STATISTICS 
  STORAGE(INITIAL 65536 NEXT 1048576 MINEXTENTS 1 MAXEXTENTS 2147483645
  PCTINCREASE 0 FREELISTS 1 FREELIST GROUPS 1
  BUFFER_POOL DEFAULT FLASH_CACHE DEFAULT CELL_FLASH_CACHE DEFAULT)
  TABLESPACE "USERS"  ENABLE;
  ALTER TABLE "SWHYTE"."ORDERTBL" MODIFY ("ORDDATE" NOT NULL ENABLE);
  ALTER TABLE "SWHYTE"."ORDERTBL" MODIFY ("ORDNO" NOT NULL ENABLE);
--------------------------------------------------------
--  Constraints for Table PROPERTY
--------------------------------------------------------

  ALTER TABLE "SWHYTE"."PROPERTY" ADD CONSTRAINT "PROPERTY_PK" PRIMARY KEY ("PROPERTYID", "CUSTOMERID")
  USING INDEX PCTFREE 10 INITRANS 2 MAXTRANS 255 COMPUTE STATISTICS 
  STORAGE(INITIAL 65536 NEXT 1048576 MINEXTENTS 1 MAXEXTENTS 2147483645
  PCTINCREASE 0 FREELISTS 1 FREELIST GROUPS 1
  BUFFER_POOL DEFAULT FLASH_CACHE DEFAULT CELL_FLASH_CACHE DEFAULT)
  TABLESPACE "USERS"  ENABLE;
  ALTER TABLE "SWHYTE"."PROPERTY" MODIFY ("ZIP" CONSTRAINT "NNC_PROPERTY_ZIP" NOT NULL ENABLE);
  ALTER TABLE "SWHYTE"."PROPERTY" MODIFY ("STATE" CONSTRAINT "NNC_PROPERTY_STATE" NOT NULL ENABLE);
  ALTER TABLE "SWHYTE"."PROPERTY" MODIFY ("CITY" CONSTRAINT "NNC_PROPERTY_CITY" NOT NULL ENABLE);
  ALTER TABLE "SWHYTE"."PROPERTY" MODIFY ("STREET" CONSTRAINT "NNC_PROPERTY_STREET" NOT NULL ENABLE);
  ALTER TABLE "SWHYTE"."PROPERTY" MODIFY ("CUSTOMERID" NOT NULL ENABLE);
  ALTER TABLE "SWHYTE"."PROPERTY" MODIFY ("PROPERTYID" NOT NULL ENABLE);
--------------------------------------------------------
--  Constraints for Table SERVICE
--------------------------------------------------------

  ALTER TABLE "SWHYTE"."SERVICE" ADD CONSTRAINT "SERVICE_PK" PRIMARY KEY ("SERVICEID")
  USING INDEX PCTFREE 10 INITRANS 2 MAXTRANS 255 COMPUTE STATISTICS 
  STORAGE(INITIAL 65536 NEXT 1048576 MINEXTENTS 1 MAXEXTENTS 2147483645
  PCTINCREASE 0 FREELISTS 1 FREELIST GROUPS 1
  BUFFER_POOL DEFAULT FLASH_CACHE DEFAULT CELL_FLASH_CACHE DEFAULT)
  TABLESPACE "USERS"  ENABLE;
  ALTER TABLE "SWHYTE"."SERVICE" MODIFY ("SERVICEID" NOT NULL ENABLE);
--------------------------------------------------------
--  Constraints for Table VEHICLE
--------------------------------------------------------

  ALTER TABLE "SWHYTE"."VEHICLE" ADD CONSTRAINT "VEHICLE_PK" PRIMARY KEY ("VIN")
  USING INDEX PCTFREE 10 INITRANS 2 MAXTRANS 255 COMPUTE STATISTICS 
  STORAGE(INITIAL 65536 NEXT 1048576 MINEXTENTS 1 MAXEXTENTS 2147483645
  PCTINCREASE 0 FREELISTS 1 FREELIST GROUPS 1
  BUFFER_POOL DEFAULT FLASH_CACHE DEFAULT CELL_FLASH_CACHE DEFAULT)
  TABLESPACE "USERS"  ENABLE;
  ALTER TABLE "SWHYTE"."VEHICLE" MODIFY ("VIN" NOT NULL ENABLE);
--------------------------------------------------------
--  Ref Constraints for Table APPOINTMENT
--------------------------------------------------------

  ALTER TABLE "SWHYTE"."APPOINTMENT" ADD CONSTRAINT "APPOINTMENT_EMPLOYEES_FK" FOREIGN KEY ("EMPLOYEEID")
	  REFERENCES "SWHYTE"."EMPLOYEES" ("EMPLOYEEID") ENABLE;
  ALTER TABLE "SWHYTE"."APPOINTMENT" ADD CONSTRAINT "APPOINTMENT_EQUIPMENT_FK" FOREIGN KEY ("SERIALNO")
	  REFERENCES "SWHYTE"."EQUIPMENT" ("SERIALNO") ENABLE;
  ALTER TABLE "SWHYTE"."APPOINTMENT" ADD CONSTRAINT "APPOINTMENT_SERVICE_FK" FOREIGN KEY ("SERVICEID")
	  REFERENCES "SWHYTE"."SERVICE" ("SERVICEID") ENABLE;
  ALTER TABLE "SWHYTE"."APPOINTMENT" ADD CONSTRAINT "APPOINTMENT_VEHICLE_FK" FOREIGN KEY ("VIN")
	  REFERENCES "SWHYTE"."VEHICLE" ("VIN") ENABLE;
--------------------------------------------------------
--  Ref Constraints for Table ORDERTBL
--------------------------------------------------------

  ALTER TABLE "SWHYTE"."ORDERTBL" ADD CONSTRAINT "ORDERTBL_CUSTOMERS_FK" FOREIGN KEY ("CUSTNO")
	  REFERENCES "SWHYTE"."CUSTOMER" ("CUSTNO") ENABLE;
  ALTER TABLE "SWHYTE"."ORDERTBL" ADD CONSTRAINT "ORDERTBL_EMPLOYEE_FK" FOREIGN KEY ("EMPNO")
	  REFERENCES "SWHYTE"."EMPLOYEE" ("EMPNO") ENABLE;
